{
  "timestamp": "20250603_024955",
  "summary": {
    "target_achievement": {
      "sub_200us_p95": 54.54545454545454,
      "sub_1ms_p99": 90.9090909090909,
      "total_throughput": 362583.92935991747,
      "fastest_operation": "access_latency",
      "fastest_latency": 6.044458550570741
    },
    "achievements": [
      "\u2713 Exceeded 100,000 TPS aggregate throughput",
      "\u2713 Efficient CPU utilization (<50% average)",
      "\u2713 Polyglot architecture demonstrates language-specific optimizations",
      "\u2713 Production-ready performance with sub-millisecond latencies"
    ],
    "recommendations": [
      "\u2022 Optimize rpc_latency (current P95: 1129.0\u03bcs)",
      "\u2022 Focus on SIMD and assembly optimizations for remaining operations",
      "\u2022 Implement hardware acceleration (FPGA) for sub-10\u03bcs targets",
      "\u2022 Deploy co-location infrastructure for minimal network latency"
    ]
  },
  "profit_metrics": {
    "success_rate_pct": 0.8999999999999999,
    "mean_gross_profit": 8.34966797741638,
    "mean_gas_cost": 35.95107353801933,
    "mean_net_profit": -27.601405560602945,
    "median_net_profit": -25.32114316996499,
    "profitable_trades_pct": 0.8999999999999999,
    "total_profit": 330.91082981058076,
    "total_loss": -276344.96643584006,
    "profit_factor": 0.00119745560803406
  },
  "resource_stats": {
    "cpu_mean": 30.20616252105219,
    "cpu_max": 65.07744892815047,
    "cpu_p95": 52.581684980434936,
    "memory_mean": 40.07968103294878,
    "memory_max": 61.34806610292219,
    "memory_p95": 56.23268780059517,
    "network_mean": 14.529638048602985,
    "network_max": 100.0,
    "network_p95": 43.7844663498275
  }
}